{"v":"5.1.3","fr":60,"ip":0,"op":61,"w":320,"h":320,"nm":"\rlike","ddd":0,"assets":[{"id":"image_0","w":153,"h":135,"u":"images/","p":"img_0.png"}],"layers":[{"ddd":0,"ind":1,"ty":2,"nm":"LikeCopy Copy.png","cl":"png","refId":"image_0","sr":1,"ks":{"o":{"a":1,"k":[{"i":{"x":[0.833],"y":[0.833]},"o":{"x":[0.167],"y":[0.167]},"n":["0p833_0p833_0p167_0p167"],"t":0,"s":[0],"e":[100]},{"i":{"x":[0.833],"y":[0.833]},"o":{"x":[0.167],"y":[0.167]},"n":["0p833_0p833_0p167_0p167"],"t":7,"s":[100],"e":[100]},{"i":{"x":[0.833],"y":[0.833]},"o":{"x":[0.167],"y":[0.167]},"n":["0p833_0p833_0p167_0p167"],"t":53,"s":[100],"e":[0]},{"t":60}],"ix":11},"r":{"a":0,"k":0,"ix":10},"p":{"a":0,"k":[160,160,0],"ix":2},"a":{"a":0,"k":[76.5,67.5,0],"ix":1},"s":{"a":1,"k":[{"i":{"x":[0.833,0.833,0.833],"y":[0.959,0.959,5.487]},"o":{"x":[0.4,0.4,0.4],"y":[0,0,0]},"n":["0p833_0p959_0p4_0","0p833_0p959_0p4_0","0p833_5p487_0p4_0"],"t":0,"s":[200,200,100],"e":[90,90,100]},{"i":{"x":[0.562,0.562,0.562],"y":[1,1,1]},"o":{"x":[0.528,0.528,0.193],"y":[0,0,0]},"n":["0p562_1_0p528_0","0p562_1_0p528_0","0p562_1_0p193_0"],"t":7,"s":[90,90,100],"e":[105,105,100]},{"i":{"x":[0.843,0.843,0.843],"y":[1,1,1]},"o":{"x":[0.356,0.356,0.356],"y":[0,0,0]},"n":["0p843_1_0p356_0","0p843_1_0p356_0","0p843_1_0p356_0"],"t":19,"s":[105,105,100],"e":[100,100,100]},{"i":{"x":[0.843,0.843,0.843],"y":[1,1,1]},"o":{"x":[0.167,0.167,0.167],"y":[0,0,0]},"n":["0p843_1_0p167_0","0p843_1_0p167_0","0p843_1_0p167_0"],"t":33,"s":[100,100,100],"e":[100,100,100]},{"i":{"x":[0.833,0.833,0.833],"y":[1,1,1]},"o":{"x":[0.167,0.167,0.167],"y":[0,0,0]},"n":["0p833_1_0p167_0","0p833_1_0p167_0","0p833_1_0p167_0"],"t":53,"s":[100,100,100],"e":[200,200,100]},{"t":60}],"ix":6}},"ao":0,"ip":0,"op":600,"st":0,"bm":0}],"markers":[]}