{"v":"5.1.3","fr":60,"ip":0,"op":92,"w":186,"h":186,"nm":"\r夜间","ddd":0,"assets":[{"id":"image_0","w":174,"h":174,"u":"images/","p":"img_0.png"}],"layers":[{"ddd":0,"ind":1,"ty":2,"nm":"夜间.png","cl":"png","refId":"image_0","sr":1,"ks":{"o":{"a":0,"k":100,"ix":11},"r":{"a":0,"k":0,"ix":10},"p":{"a":0,"k":[93,93,0],"ix":2},"a":{"a":0,"k":[87,87,0],"ix":1},"s":{"a":1,"k":[{"i":{"x":[0.6,0.6,0.6],"y":[1,1,1]},"o":{"x":[0.4,0.4,0.4],"y":[0,0,0]},"n":["0p6_1_0p4_0","0p6_1_0p4_0","0p6_1_0p4_0"],"t":0,"s":[99,99,100],"e":[106,106,100]},{"i":{"x":[0.6,0.6,0.6],"y":[1,1,1]},"o":{"x":[0.4,0.4,0.4],"y":[0,0,0]},"n":["0p6_1_0p4_0","0p6_1_0p4_0","0p6_1_0p4_0"],"t":45,"s":[106,106,100],"e":[99,99,100]},{"t":90}],"ix":6}},"ao":0,"ip":0,"op":1020,"st":0,"bm":0}],"markers":[]}