{
  "filter_keys": {
    "tt_permission_request_dialog_move_0913":{
      "181428":"181428",
      "181429":"181429",
      "181430":"181430",
      "181431":"181431",
      "default_group":"__default_key"
    },
    "android_6_permission_dialog": {
      "94563": "94563",
      "94564": "94564",
      "94565": "94565",
      "94566": "94566",
      "94567": "94567",
      "94568": "94568",
      "94569": "94569",
      "94570": "94570",
      "__default_key": "94563"
    },
    "android_gender_dialog":{
      "98728": "100167",
      "98729": "100168",
      "98730": "100169",
      "98731": "100170",
      "98732": "100171",
      "__default_key": "100167"
    },
    "calibre_abmanager": {
      "102749": "102749",
      "102750": "102750",
      "102751": "102751",
      "102752": "102752",
      "102753": "102753",
      "102754": "102754",
      "102755": "102755",
      "102756": "102756",
      "__default_key": "102749"
    }
  },
  "traffic_map": [
    {
      "layer_name": "article_stream_by_device_id3",
      "filters": {
        "first_install_version": ">=5.9.6",
        "imei_regex":"\\d*[5-9][1-9]$"
      },
      "experiments": [
        {
          "group_name": "100167",
          "min_region": 0,
          "max_region": 249,
          "results": {
            "android_gender_dialog": "100167"
          }
        },
        {
          "group_name": "100168",
          "min_region": 250,
          "max_region": 499,
          "results": {
            "android_gender_dialog": "100168"
          }
        },
        {
          "group_name": "100169",
          "min_region": 500,
          "max_region": 749,
          "results": {
            "android_gender_dialog": "100169"
          }
        },
        {
          "group_name": "100170",
          "min_region": 750,
          "max_region": 999,
          "results": {
            "android_gender_dialog": "100170"
          }
        }
      ]
    },
    {
      "layer_name": "article_stream_by_device_id",
      "filters": {
        "first_install_version": ">=5.9.2",
        "min_sdk_version": "23",
        "no_miui": "true"
      },
      "experiments": [
        {
          "group_name": "94563",
          "min_region": 0,
          "max_region": 124,
          "results": {
            "android_6_permission_dialog": "94563"
          }
        },
        {
          "group_name": "94564",
          "min_region": 125,
          "max_region": 249,
          "results": {
            "android_6_permission_dialog": "94564"
          }
        },
        {
          "group_name": "94565",
          "min_region": 250,
          "max_region": 374,
          "results": {
            "android_6_permission_dialog": "94565"
          }
        },
        {
          "group_name": "94566",
          "min_region": 375,
          "max_region": 499,
          "results": {
            "android_6_permission_dialog": "94566"
          }
        },
        {
          "group_name": "94567",
          "min_region": 500,
          "max_region": 624,
          "results": {
            "android_6_permission_dialog": "94567"
          }
        },
        {
          "group_name": "94568",
          "min_region": 625,
          "max_region": 749,
          "results": {
            "android_6_permission_dialog": "94568"
          }
        },
        {
          "group_name": "94569",
          "min_region": 750,
          "max_region": 874,
          "results": {
            "android_6_permission_dialog": "94569"
          }
        },
        {
          "group_name": "94570",
          "min_region": 875,
          "max_region": 999,
          "results": {
            "android_6_permission_dialog": "94570"
          }
        }
      ]
    },
    {
      "layer_name": "article_stream_by_device_id4",
      "filters": {
        "first_install_version": ">=5.9.2",
        "min_sdk_version": "23",
        "no_miui": "true"
      },
      "experiments": [
        {
          "group_name": "102749",
          "min_region": 0,
          "max_region": 124,
          "results": {
            "calibre_abmanager": "102749"
          }
        },
        {
          "group_name": "102750",
          "min_region": 125,
          "max_region": 249,
          "results": {
            "calibre_abmanager": "102750"
          }
        },
        {
          "group_name": "102751",
          "min_region": 250,
          "max_region": 374,
          "results": {
            "calibre_abmanager": "102751"
          }
        },
        {
          "group_name": "102752",
          "min_region": 375,
          "max_region": 499,
          "results": {
            "calibre_abmanager": "102752"
          }
        },
        {
          "group_name": "102753",
          "min_region": 500,
          "max_region": 624,
          "results": {
            "calibre_abmanager": "102753"
          }
        },
        {
          "group_name": "102754",
          "min_region": 625,
          "max_region": 749,
          "results": {
            "calibre_abmanager": "102754"
          }
        },
        {
          "group_name": "102755",
          "min_region": 750,
          "max_region": 874,
          "results": {
            "calibre_abmanager": "102755"
          }
        },
        {
          "group_name": "102756",
          "min_region": 875,
          "max_region": 999,
          "results": {
            "calibre_abmanager": "102756"
          }
        }
      ]
    },
    {
      "layer_name": "quan_layer_d05",
      "filters": {
        "min_sdk_version": "23",
        "first_install_version": ">=6.4.0",
        "no_miui": "true"
      },

      "experiments": [
        {

          "group_name": "__default_key",
          "min_region": 1000,
          "max_region": 1000,
          "results": {
            "permission_request_dialog_move": "default_group"
          }
        },
        {
          "group_name": "181428",
          "min_region": 0,
          "max_region": 249,
          "results": {
            "permission_request_dialog_move": "181428"
          }
        },
        {
          "group_name": "181429",
          "min_region": 250,
          "max_region": 499,
          "results": {
            "permission_request_dialog_move": "181429"
          }
        },
        {
          "group_name": "181430",
          "min_region": 500,
          "max_region": 749,
          "results": {
            "permission_request_dialog_move": "181430"
          }
        },
        {
          "group_name": "181431",
          "min_region": 750,
          "max_region": 999,
          "results": {
            "permission_request_dialog_move": "181431"
          }
        }
      ]
    }
  ]
}