{"v":"5.1.3","fr":60,"ip":0,"op":288,"w":22,"h":20,"nm":"audio_text","ddd":0,"assets":[],"layers":[{"ddd":0,"ind":1,"ty":4,"nm":"形状图层 4","sr":1,"ks":{"o":{"a":0,"k":100,"ix":11},"r":{"a":0,"k":0,"ix":10},"p":{"a":0,"k":[20,9.983,0],"ix":2},"a":{"a":0,"k":[-9.031,-0.017,0],"ix":1},"s":{"a":0,"k":[100,100,100],"ix":6}},"ao":0,"shapes":[{"ind":0,"ty":"sh","ix":1,"ks":{"a":0,"k":{"i":[[0,0],[0,0]],"o":[[0,0],[0,0]],"v":[[-8.998,-7.981],[-8.998,7.956]],"c":false},"ix":2},"nm":"路径 1","mn":"ADBE Vector Shape - Group","hd":false},{"ty":"tm","s":{"a":1,"k":[{"i":{"x":[0.418],"y":[1]},"o":{"x":[0.663],"y":[0]},"n":["0p418_1_0p663_0"],"t":0,"s":[40],"e":[80]},{"i":{"x":[0.418],"y":[1]},"o":{"x":[0.663],"y":[0]},"n":["0p418_1_0p663_0"],"t":24,"s":[80],"e":[60]},{"i":{"x":[0.418],"y":[1]},"o":{"x":[0.663],"y":[0]},"n":["0p418_1_0p663_0"],"t":48,"s":[60],"e":[80]},{"i":{"x":[0.418],"y":[1]},"o":{"x":[0.663],"y":[0]},"n":["0p418_1_0p663_0"],"t":72,"s":[80],"e":[40]},{"i":{"x":[0.418],"y":[1]},"o":{"x":[0.663],"y":[0]},"n":["0p418_1_0p663_0"],"t":96,"s":[40],"e":[80]},{"i":{"x":[0.418],"y":[1]},"o":{"x":[0.663],"y":[0]},"n":["0p418_1_0p663_0"],"t":120,"s":[80],"e":[60]},{"i":{"x":[0.418],"y":[1]},"o":{"x":[0.663],"y":[0]},"n":["0p418_1_0p663_0"],"t":144,"s":[60],"e":[80]},{"i":{"x":[0.418],"y":[1]},"o":{"x":[0.663],"y":[0]},"n":["0p418_1_0p663_0"],"t":168,"s":[80],"e":[40]},{"i":{"x":[0.418],"y":[1]},"o":{"x":[0.663],"y":[0]},"n":["0p418_1_0p663_0"],"t":192,"s":[40],"e":[80]},{"i":{"x":[0.418],"y":[1]},"o":{"x":[0.663],"y":[0]},"n":["0p418_1_0p663_0"],"t":216,"s":[80],"e":[60]},{"i":{"x":[0.418],"y":[1]},"o":{"x":[0.663],"y":[0]},"n":["0p418_1_0p663_0"],"t":240,"s":[60],"e":[80]},{"i":{"x":[0.418],"y":[1]},"o":{"x":[0.663],"y":[0]},"n":["0p418_1_0p663_0"],"t":264,"s":[80],"e":[40]},{"t":288}],"ix":1,"x":"var $bm_rt;\n$bm_rt = loopOut('cycle', 0);"},"e":{"a":0,"k":100,"ix":2},"o":{"a":0,"k":0,"ix":3},"m":1,"ix":2,"nm":"修剪路径 1","mn":"ADBE Vector Filter - Trim","hd":false},{"ty":"st","c":{"a":0,"k":[1,1,1,1],"ix":3},"o":{"a":0,"k":100,"ix":4},"w":{"a":0,"k":1.7,"ix":5},"lc":2,"lj":1,"ml":4,"nm":"描边 1","mn":"ADBE Vector Graphic - Stroke","hd":false}],"ip":0,"op":600,"st":0,"bm":0},{"ddd":0,"ind":2,"ty":4,"nm":"形状图层 3","sr":1,"ks":{"o":{"a":0,"k":100,"ix":11},"r":{"a":0,"k":0,"ix":10},"p":{"a":0,"k":[14,9.983,0],"ix":2},"a":{"a":0,"k":[-9.031,-0.017,0],"ix":1},"s":{"a":0,"k":[100,100,100],"ix":6}},"ao":0,"shapes":[{"ind":0,"ty":"sh","ix":1,"ks":{"a":0,"k":{"i":[[0,0],[0,0]],"o":[[0,0],[0,0]],"v":[[-9.07,-7.998],[-9.07,7.971]],"c":false},"ix":2},"nm":"路径 1","mn":"ADBE Vector Shape - Group","hd":false},{"ty":"st","c":{"a":0,"k":[1,1,1,1],"ix":3},"o":{"a":0,"k":100,"ix":4},"w":{"a":0,"k":1.7,"ix":5},"lc":2,"lj":1,"ml":4,"nm":"描边 1","mn":"ADBE Vector Graphic - Stroke","hd":false},{"ty":"tm","s":{"a":1,"k":[{"i":{"x":[0.542],"y":[1]},"o":{"x":[0.498],"y":[0]},"n":["0p542_1_0p498_0"],"t":0,"s":[0],"e":[60]},{"i":{"x":[0.542],"y":[1]},"o":{"x":[0.498],"y":[0]},"n":["0p542_1_0p498_0"],"t":48,"s":[60],"e":[0]},{"i":{"x":[0.542],"y":[1]},"o":{"x":[0.498],"y":[0]},"n":["0p542_1_0p498_0"],"t":96,"s":[0],"e":[60]},{"i":{"x":[0.542],"y":[1]},"o":{"x":[0.498],"y":[0]},"n":["0p542_1_0p498_0"],"t":144,"s":[60],"e":[0]},{"i":{"x":[0.542],"y":[1]},"o":{"x":[0.498],"y":[0]},"n":["0p542_1_0p498_0"],"t":192,"s":[0],"e":[60]},{"i":{"x":[0.542],"y":[1]},"o":{"x":[0.498],"y":[0]},"n":["0p542_1_0p498_0"],"t":240,"s":[60],"e":[0]},{"t":288}],"ix":1,"x":"var $bm_rt;\n$bm_rt = loopOut('cycle', 0);"},"e":{"a":0,"k":100,"ix":2},"o":{"a":0,"k":0,"ix":3},"m":1,"ix":3,"nm":"修剪路径 1","mn":"ADBE Vector Filter - Trim","hd":false}],"ip":0,"op":600,"st":0,"bm":0},{"ddd":0,"ind":3,"ty":4,"nm":"形状图层 2","sr":1,"ks":{"o":{"a":0,"k":100,"ix":11},"r":{"a":0,"k":0,"ix":10},"p":{"a":0,"k":[8,9.983,0],"ix":2},"a":{"a":0,"k":[-9.031,-0.017,0],"ix":1},"s":{"a":0,"k":[100,100,100],"ix":6}},"ao":0,"shapes":[{"ind":0,"ty":"sh","ix":1,"ks":{"a":0,"k":{"i":[[0,0],[0,0]],"o":[[0,0],[0,0]],"v":[[-9.031,-7.981],[-9.031,7.964]],"c":false},"ix":2},"nm":"路径 1","mn":"ADBE Vector Shape - Group","hd":false},{"ty":"st","c":{"a":0,"k":[1,1,1,1],"ix":3},"o":{"a":0,"k":100,"ix":4},"w":{"a":0,"k":1.7,"ix":5},"lc":2,"lj":1,"ml":4,"nm":"描边 1","mn":"ADBE Vector Graphic - Stroke","hd":false},{"ty":"tm","s":{"a":1,"k":[{"i":{"x":[0.501],"y":[1]},"o":{"x":[0.553],"y":[0]},"n":["0p501_1_0p553_0"],"t":0,"s":[79],"e":[37]},{"i":{"x":[0.501],"y":[1]},"o":{"x":[0.553],"y":[0]},"n":["0p501_1_0p553_0"],"t":36,"s":[37],"e":[79]},{"i":{"x":[0.501],"y":[1]},"o":{"x":[0.553],"y":[0]},"n":["0p501_1_0p553_0"],"t":72,"s":[79],"e":[37]},{"i":{"x":[0.501],"y":[1]},"o":{"x":[0.553],"y":[0]},"n":["0p501_1_0p553_0"],"t":108,"s":[37],"e":[79]},{"i":{"x":[0.501],"y":[1]},"o":{"x":[0.553],"y":[0]},"n":["0p501_1_0p553_0"],"t":144,"s":[79],"e":[37]},{"i":{"x":[0.501],"y":[1]},"o":{"x":[0.553],"y":[0]},"n":["0p501_1_0p553_0"],"t":180,"s":[37],"e":[79]},{"i":{"x":[0.501],"y":[1]},"o":{"x":[0.553],"y":[0]},"n":["0p501_1_0p553_0"],"t":216,"s":[79],"e":[37]},{"i":{"x":[0.501],"y":[1]},"o":{"x":[0.553],"y":[0]},"n":["0p501_1_0p553_0"],"t":252,"s":[37],"e":[79]},{"i":{"x":[0.501],"y":[1]},"o":{"x":[0.553],"y":[0]},"n":["0p501_1_0p553_0"],"t":288,"s":[79],"e":[37]},{"i":{"x":[0.501],"y":[1]},"o":{"x":[0.553],"y":[0]},"n":["0p501_1_0p553_0"],"t":324,"s":[37],"e":[79]},{"i":{"x":[0.501],"y":[1]},"o":{"x":[0.553],"y":[0]},"n":["0p501_1_0p553_0"],"t":360,"s":[79],"e":[37]},{"i":{"x":[0.501],"y":[1]},"o":{"x":[0.553],"y":[0]},"n":["0p501_1_0p553_0"],"t":396,"s":[37],"e":[79]},{"t":432}],"ix":1,"x":"var $bm_rt;\n$bm_rt = loopOut('cycle', 0);"},"e":{"a":0,"k":100,"ix":2},"o":{"a":0,"k":0,"ix":3},"m":1,"ix":3,"nm":"修剪路径 1","mn":"ADBE Vector Filter - Trim","hd":false}],"ip":0,"op":600,"st":0,"bm":0},{"ddd":0,"ind":4,"ty":4,"nm":"形状图层 1","sr":1,"ks":{"o":{"a":0,"k":100,"ix":11},"r":{"a":0,"k":0,"ix":10},"p":{"a":0,"k":[1.969,9.983,0],"ix":2},"a":{"a":0,"k":[-9.031,-0.017,0],"ix":1},"s":{"a":0,"k":[100,100,100],"ix":6}},"ao":0,"shapes":[{"ind":0,"ty":"sh","ix":1,"ks":{"a":0,"k":{"i":[[0,0],[0,0]],"o":[[0,0],[0,0]],"v":[[-9.031,-8.001],[-9.031,7.972]],"c":false},"ix":2},"nm":"路径 1","mn":"ADBE Vector Shape - Group","hd":false},{"ty":"st","c":{"a":0,"k":[1,1,1,1],"ix":3},"o":{"a":0,"k":100,"ix":4},"w":{"a":0,"k":1.7,"ix":5},"lc":2,"lj":1,"ml":4,"nm":"描边 1","mn":"ADBE Vector Graphic - Stroke","hd":false},{"ty":"tm","s":{"a":1,"k":[{"i":{"x":[0.418],"y":[1]},"o":{"x":[0.663],"y":[0]},"n":["0p418_1_0p663_0"],"t":0,"s":[30],"e":[64]},{"i":{"x":[0.418],"y":[1]},"o":{"x":[0.663],"y":[0]},"n":["0p418_1_0p663_0"],"t":24,"s":[64],"e":[30]},{"i":{"x":[0.418],"y":[1]},"o":{"x":[0.663],"y":[0]},"n":["0p418_1_0p663_0"],"t":48,"s":[30],"e":[90]},{"i":{"x":[0.418],"y":[1]},"o":{"x":[0.663],"y":[0]},"n":["0p418_1_0p663_0"],"t":72,"s":[90],"e":[30]},{"i":{"x":[0.418],"y":[1]},"o":{"x":[0.663],"y":[0]},"n":["0p418_1_0p663_0"],"t":96,"s":[30],"e":[64]},{"i":{"x":[0.418],"y":[1]},"o":{"x":[0.663],"y":[0]},"n":["0p418_1_0p663_0"],"t":120,"s":[64],"e":[30]},{"i":{"x":[0.418],"y":[1]},"o":{"x":[0.663],"y":[0]},"n":["0p418_1_0p663_0"],"t":144,"s":[30],"e":[90]},{"i":{"x":[0.418],"y":[1]},"o":{"x":[0.663],"y":[0]},"n":["0p418_1_0p663_0"],"t":168,"s":[90],"e":[30]},{"i":{"x":[0.418],"y":[1]},"o":{"x":[0.663],"y":[0]},"n":["0p418_1_0p663_0"],"t":192,"s":[30],"e":[64]},{"i":{"x":[0.418],"y":[1]},"o":{"x":[0.663],"y":[0]},"n":["0p418_1_0p663_0"],"t":216,"s":[64],"e":[30]},{"i":{"x":[0.418],"y":[1]},"o":{"x":[0.663],"y":[0]},"n":["0p418_1_0p663_0"],"t":240,"s":[30],"e":[90]},{"i":{"x":[0.418],"y":[1]},"o":{"x":[0.663],"y":[0]},"n":["0p418_1_0p663_0"],"t":264,"s":[90],"e":[30]},{"i":{"x":[0.418],"y":[1]},"o":{"x":[0.663],"y":[0]},"n":["0p418_1_0p663_0"],"t":288,"s":[30],"e":[64]},{"i":{"x":[0.418],"y":[1]},"o":{"x":[0.663],"y":[0]},"n":["0p418_1_0p663_0"],"t":312,"s":[64],"e":[30]},{"i":{"x":[0.418],"y":[1]},"o":{"x":[0.663],"y":[0]},"n":["0p418_1_0p663_0"],"t":336,"s":[30],"e":[90]},{"i":{"x":[0.418],"y":[1]},"o":{"x":[0.663],"y":[0]},"n":["0p418_1_0p663_0"],"t":360,"s":[90],"e":[30]},{"t":384}],"ix":1,"x":"var $bm_rt;\n$bm_rt = loopOut('cycle', 0);"},"e":{"a":0,"k":100,"ix":2},"o":{"a":0,"k":0,"ix":3},"m":1,"ix":3,"nm":"修剪路径 1","mn":"ADBE Vector Filter - Trim","hd":false}],"ip":0,"op":600,"st":0,"bm":0}],"markers":[]}