[
    {
        "id": "keyboard",
        "position": 1,
        "disable": false,
        "type": "icon",
        "align": "left",
        "icon": "tabbar_icon_keyboard"
    },
    {
        "id": "image",
        "position": 2,
        "disable": false,
        "type": "icon",
        "align": "right",
        "icon": "tabbar_icon_picture"
    },
    {
        "id": "format",
        "position": 3,
        "disable": false,
        "type": "icon",
        "align": "right",
        "icon": "tabbar_icon_font"
    },
    {
        "id": "setting",
        "position": 4,
        "disable": false,
        "type": "icon",
        "align": "right",
        "icon": "tabbar_icon_set"
    }
]