[
  {
    "pluginType": 2,
    "_comment": "直播（外置|耦合）",
    "minVersionCode": 692000,
    "packageName": "com.ss.android.livechat",
    "extraPackages": [
      "com.ss.android.mediautils"
    ]
  },
  {
    "pluginType": 2,
    "_comment": "动态docker（外置|耦合）",
    "minVersionCode": 6700002,
    "packageName": "com.ss.android.dynamicdocker",
    "disabledInDebug": true
  },
  {
    "pluginType": 2,
    "_comment": "自研播放器（外置|耦合）",
    "minVersionCode": 86,
    "packageName": "com.ss.ttm",
    "shareRes": false
  },
  {
    "pluginType": 2,
    "_comment": "ijk视频播放器（外置|耦合）",
    "packageName": "com.ss.ijkplayer",
    "shareRes": false,
    "extraPackages": [
      "tv.danmaku.ijk.media"
    ]
  },
  {
    "pluginType": 2,
    "_comment": "新版RN插件，内有作品管理，沉浸式广告，schema跳转功能（外置|耦合）",
    "minVersionCode": 693000,
    "packageName": "com.ss.android.reactnative",
    "extraPackages": [
      "com.facebook.react",
      "com.facebook.soloader",
      "com.ss.android.article.base.feature.feed.docker.impl.misc"
    ],
    "disabledInDebug": true
  },
  {
    "pluginType": 2,
    "_comment": "flutter插件，内有懂车帝热门车型（外置|耦合）",
    "minVersionCode": 4,
    "packageName": "com.ss.android.flutter",
    "shareRes": true,
    "disabledInDebug": true
  },
  {
    "pluginType": 2,
    "_comment": "动态布局插件，暂时只用于快闪店广告（外置|耦合）",
    "minVersionCode": 6,
    "packageName": "com.ss.android.tt.vangogh",
    "shareRes": true,
    "extraPackages": [
      "com.ss.android.vangogh",
      "com.ss.android.ad.video",
      "com.facebook.yoga"
    ],
    "disabledInDebug": true
  },
  {
    "pluginType": 2,
    "_comment": "私信（外置|耦合）",
    "minVersionCode": 683000,
    "packageName": "com.ss.android.im",
    "extraPackages": [
      "com.bytedance.im_proto",
      "com.ss.android.image",
      "com.ss.android.chat"
    ]
  },
  {
    "pluginType": 2,
    "_comment": "上传SDK（外置|耦合）",
    "minVersionCode": 11,
    "packageName": "com.ss.ttm.upload",
    "shareRes": false
  },
  {
    "pluginType": 2,
    "_comment": "定向下发日志收集（外置|耦合）",
    "packageName": "com.ss.android.crash",
    "shareRes": false
  },
  {
    "pluginType": 2,
    "_comment": "代码补丁包，暂未生效（外置|耦合）",
    "packageName": "com.ss.android.patch",
    "shareRes": false
  },
  {
    "pluginType": 2,
    "packageName": "com.ss.android.substrthen",
    "shareRes": false,
    "disabledInDebug": true
  },
  {
    "pluginType": 2,
    "routerModuleName": "videopublisher",
    "routerRegExp": "//videopublisher/.+",
    "_comment": "火山视频SDK（外置|耦合）",
    "minVersionCode": 6930000,
    "packageName": "com.bytedance.ugc.medialib.tt",
    "extraPackages": [
      "org.libsdl.app",
      "com.sensetime.stmobile",
      "com.ss.android.medialib",
      "com.bytedance.effectsdk"
    ],
    "disabledInDebug": true
  },
  {
    "pluginType": 2,
    "_comment": "新的视频预加载SDK (独立|耦合)",
    "minVersionCode": 1,
    "packageName": "com.ss.ttm.ttpreloader",
    "shareRes": false
  },
  {
    "pluginType": 2,
    "_comment": "西瓜直播礼物插件（外置|耦合）",
    "minVersionCode": 7,
    "packageName": "com.ixigua.live.cocos2dx",
    "shareRes": false
  },
  {
    "pluginType": 2,
    "_comment": "活体检测SDK（外置|耦合）",
    "packageName": "com.ss.android.livedetector"
  },
  {
    "pluginType": 2,
    "routerModuleName": "appbrandplugin",
    "routerRegExp": "//appbrandplugin/.+",
    "_comment": "小程序插件（外置|耦合）",
    "minVersionCode": 69300,
    "packageName": "com.tt.appbrandplugin",
    "extraPackages": [
      "com.tt.miniapp",
      "com.eclipsesource.v8",
      "uk.co.senab",
      "com.squareup.picasso",
      "com.bytedance.v8_inspect"
    ],
    "disabledInDebug": true
  },
  {
    "pluginType": 2,
    "_comment": "懂车帝直播（外置|耦合）",
    "minVersionCode": 680000,
    "packageName": "com.bytedance.plugin_car_live",
    "extraPackages": [
      "com.bytedance.auto",
      "com.ixigua.fantasy"
    ]
  },
  {
    "pluginType": 2,
    "_comment": "西瓜直播推流插件(外置|耦合)",
    "minVersionCode": 5,
    "packageName": "com.ixigua.live.pushstream",
    "shareRes": false
  },
  {
    "pluginType": 2,
    "_comment": "AdBlock广告过滤插件",
    "packageName": "com.ss.android.adblockfilter"
  },
  {
    "pluginType": 2,
    "_comment": "WIFI万能钥匙(外置|耦合)",
    "packageName": "com.ss.android.freewifi"
  }
]