[

    {
        "_comment": "视频模块（内置|耦合）",
        "packageName":"com.ss.android.video",
        "pluginType":1,
        "extraPackages":["com.ss.ttvideoengine", "com.ss.ttvideolivesdk"]
    },
    {
        "_comment": "关注模块（内置|耦合）",
        "packageName":"com.bytedance.concernrelated",
        "pluginType":1,
        "pluginName":"libconcernrelated.so"
    },
    {
        "_comment": "问答模块（内置|耦合）",
        "packageName":"com.ss.android.wenda",
        "pluginType":1,
        "pluginName":"libwenda.so",
        "routerModuleName":"wenda",
        "routerRegExp":"//wenda_.+",
        "extraPackages":["com.ss.android.article.base.feature.feed.docker.impl"]
    },
    {
        "_comment": "微头条模块（内置|耦合）",
        "packageName":"com.ss.android.ugc",
        "pluginType":1,
        "pluginName":"libugc.so",
        "routerModuleName":"ugc",
        "routerRegExp":"//ugc/.+|//relation/.+|//mediachooser/.+|//publish/.+|//address_list($|\\?.*)|//comment_repost_detail($|\\?.*)",
        "extraPackages":["com.ss.android.concern", "com.ss.android.weitoutiao", "com.ss.android.topic", "com.ss.android.mediamaker.video", "com.ss.android.relation", "com.ss.android.publish", "com.ss.android.mediachooser", "com.bytedance.ugcdetail"]
    },
    {
        "_comment": "小视频模块（内置|耦合）",
        "packageName":"com.ss.android.ugc.detail",
        "pluginType":1,
        "routerModuleName":"tiktok",
        "routerRegExp":"//tiktok/.+",
        "extraPackages":["com.ss.android.article.base.feature.feed.docker.impl"]
    },
    {
        "_comment": "开屏广告模块（内置|耦合）",
        "packageName":"com.ss.android.splashad",
        "pluginType":1,
        "pluginName":"libsplashad.so"
    }
    
]
