{"v":"5.1.18","fr":60,"ip":0,"op":226,"w":50,"h":50,"nm":"icon 1x","ddd":0,"assets":[{"id":"image_0","w":117,"h":84,"u":"images/","p":"img_0.png","e":0},{"id":"image_1","w":138,"h":110,"u":"images/","p":"img_1.png","e":0},{"id":"comp_0","layers":[{"ddd":0,"ind":1,"ty":2,"nm":"手柄1.png","cl":"png","refId":"image_0","sr":1,"ks":{"o":{"a":1,"k":[{"i":{"x":[0.2],"y":[1]},"o":{"x":[0.167],"y":[0.111]},"n":["0p2_1_0p167_0p111"],"t":90,"s":[0],"e":[100]},{"t":100}],"ix":11},"r":{"a":0,"k":0,"ix":10},"p":{"a":0,"k":[75,75,0],"ix":2},"a":{"a":0,"k":[58.5,42,0],"ix":1},"s":{"a":1,"k":[{"i":{"x":[0.2,0.2,0.2],"y":[1,1,1]},"o":{"x":[0.167,0.167,0.167],"y":[0.278,0.278,8.333]},"n":["0p2_1_0p167_0p278","0p2_1_0p167_0p278","0p2_1_0p167_8p333"],"t":90,"s":[60,60,100],"e":[90,90,100]},{"i":{"x":[0.7,0.7,0.7],"y":[1,1,1]},"o":{"x":[0.167,0.167,0.167],"y":[0,0,0]},"n":["0p7_1_0p167_0","0p7_1_0p167_0","0p7_1_0p167_0"],"t":105,"s":[90,90,100],"e":[110,110,100]},{"i":{"x":[0.7,0.7,0.7],"y":[1,1,1]},"o":{"x":[0.167,0.167,0.167],"y":[0,0,0]},"n":["0p7_1_0p167_0","0p7_1_0p167_0","0p7_1_0p167_0"],"t":165,"s":[110,110,100],"e":[90,90,100]},{"t":225}],"ix":6}},"ao":0,"ip":0,"op":300,"st":0,"bm":0},{"ddd":0,"ind":2,"ty":3,"nm":"空 12","sr":1,"ks":{"o":{"a":0,"k":0,"ix":11},"r":{"a":1,"k":[{"i":{"x":[0.5],"y":[1]},"o":{"x":[0.5],"y":[0]},"n":["0p5_1_0p5_0"],"t":0,"s":[0],"e":[-20]},{"i":{"x":[0.5],"y":[1]},"o":{"x":[0.5],"y":[0]},"n":["0p5_1_0p5_0"],"t":14,"s":[-20],"e":[10]},{"i":{"x":[0.5],"y":[1]},"o":{"x":[0.5],"y":[0]},"n":["0p5_1_0p5_0"],"t":30,"s":[10],"e":[-3]},{"i":{"x":[0.833],"y":[1]},"o":{"x":[0.167],"y":[0]},"n":["0p833_1_0p167_0"],"t":42,"s":[-3],"e":[0]},{"t":50}],"ix":10},"p":{"a":1,"k":[{"i":{"x":0.3,"y":1},"o":{"x":0.5,"y":0},"n":"0p3_1_0p5_0","t":0,"s":[75,75,0],"e":[75,56,0],"to":[0,-3.16666674613953,0],"ti":[0,-0.83333331346512,0]},{"i":{"x":0.6,"y":1},"o":{"x":0.529,"y":0},"n":"0p6_1_0p529_0","t":20,"s":[75,56,0],"e":[75,88,0],"to":[0,0.58097416162491,0],"ti":[0,-5.80672979354858,0]},{"i":{"x":0.6,"y":1},"o":{"x":0.4,"y":0},"n":"0p6_1_0p4_0","t":34,"s":[75,88,0],"e":[75,72,0],"to":[0,2.52228355407715,0],"ti":[0,2,0]},{"i":{"x":0.6,"y":1},"o":{"x":0.167,"y":0},"n":"0p6_1_0p167_0","t":47,"s":[75,72,0],"e":[75,76,0],"to":[0,-2,0],"ti":[0,-0.5,0]},{"i":{"x":0.6,"y":1},"o":{"x":0.167,"y":0},"n":"0p6_1_0p167_0","t":56,"s":[75,76,0],"e":[75,75,0],"to":[0,0.5,0],"ti":[0,0.16666667163372,0]},{"t":63}],"ix":2},"a":{"a":0,"k":[0,0,0],"ix":1},"s":{"a":1,"k":[{"i":{"x":[0.3,0.3,0.3],"y":[1,1,1]},"o":{"x":[0.167,0.167,0.167],"y":[0.067,0.067,2.333]},"n":["0p3_1_0p167_0p067","0p3_1_0p167_0p067","0p3_1_0p167_2p333"],"t":0,"s":[95,95,100],"e":[130,130,100]},{"i":{"x":[0.6,0.6,0.6],"y":[1,1,1]},"o":{"x":[0.167,0.167,0.167],"y":[0.1,0.1,-3.5]},"n":["0p6_1_0p167_0p1","0p6_1_0p167_0p1","0p6_1_0p167_-3p5"],"t":21,"s":[130,130,100],"e":[95,95,100]},{"t":42}],"ix":6}},"ao":0,"ip":0,"op":300,"st":0,"bm":0},{"ddd":0,"ind":3,"ty":2,"nm":"手柄.png","cl":"png","parent":2,"td":1,"refId":"image_1","sr":1,"ks":{"o":{"a":0,"k":100,"ix":11},"r":{"a":0,"k":0,"ix":10},"p":{"a":0,"k":[0,0,0],"ix":2},"a":{"a":0,"k":[69,55,0],"ix":1},"s":{"a":0,"k":[100,100,100],"ix":6}},"ao":0,"ip":0,"op":300,"st":0,"bm":0},{"ddd":0,"ind":4,"ty":0,"nm":"颜色","parent":2,"tt":1,"refId":"comp_1","sr":1,"ks":{"o":{"a":0,"k":100,"ix":11},"r":{"a":0,"k":0,"ix":10},"p":{"a":0,"k":[0,0,0],"ix":2},"a":{"a":0,"k":[54,54,0],"ix":1},"s":{"a":0,"k":[115,115,100],"ix":6}},"ao":0,"w":108,"h":108,"ip":28,"op":106,"st":28,"bm":0},{"ddd":0,"ind":5,"ty":2,"nm":"手柄.png","cl":"png","parent":2,"refId":"image_1","sr":1,"ks":{"o":{"a":0,"k":100,"ix":11},"r":{"a":0,"k":0,"ix":10},"p":{"a":0,"k":[0,0,0],"ix":2},"a":{"a":0,"k":[69,55,0],"ix":1},"s":{"a":0,"k":[100,100,100],"ix":6}},"ao":0,"ip":0,"op":131,"st":0,"bm":0}]},{"id":"comp_1","layers":[{"ddd":0,"ind":1,"ty":4,"nm":"形状图层 6","sr":1,"ks":{"o":{"a":0,"k":100,"ix":11},"r":{"a":0,"k":0,"ix":10},"p":{"a":0,"k":[102,102,0],"ix":2},"a":{"a":0,"k":[48,48,0],"ix":1},"s":{"a":1,"k":[{"i":{"x":[0.2,0.2,0.2],"y":[1,1,1]},"o":{"x":[0.167,0.167,0.167],"y":[0.25,0.25,25]},"n":["0p2_1_0p167_0p25","0p2_1_0p167_0p25","0p2_1_0p167_25"],"t":40,"s":[0,0,100],"e":[100,100,100]},{"t":70}],"ix":6}},"ao":0,"shapes":[{"ty":"gr","it":[{"d":1,"ty":"el","s":{"a":0,"k":[96,96],"ix":2},"p":{"a":0,"k":[0,0],"ix":3},"nm":"椭圆路径 1","mn":"ADBE Vector Shape - Ellipse","hd":false},{"ty":"st","c":{"a":0,"k":[1,0.311825980392,0.5196070054,1],"ix":3},"o":{"a":0,"k":100,"ix":4},"w":{"a":0,"k":0,"ix":5},"lc":1,"lj":1,"ml":4,"nm":"描边 1","mn":"ADBE Vector Graphic - Stroke","hd":false},{"ty":"fl","c":{"a":0,"k":[1,1,1,1],"ix":4},"o":{"a":0,"k":100,"ix":5},"r":1,"nm":"填充 1","mn":"ADBE Vector Graphic - Fill","hd":false},{"ty":"tr","p":{"a":0,"k":[0,0],"ix":2},"a":{"a":0,"k":[0,0],"ix":1},"s":{"a":0,"k":[100,100],"ix":3},"r":{"a":0,"k":0,"ix":6},"o":{"a":0,"k":100,"ix":7},"sk":{"a":0,"k":0,"ix":4},"sa":{"a":0,"k":0,"ix":5},"nm":"变换"}],"nm":"椭圆 1","np":3,"cix":2,"ix":1,"mn":"ADBE Vector Group","hd":false}],"ip":40,"op":340,"st":40,"bm":0},{"ddd":0,"ind":2,"ty":4,"nm":"形状图层 2","sr":1,"ks":{"o":{"a":0,"k":100,"ix":11},"r":{"a":0,"k":0,"ix":10},"p":{"a":0,"k":[102,102,0],"ix":2},"a":{"a":0,"k":[48,48,0],"ix":1},"s":{"a":1,"k":[{"i":{"x":[0.2,0.2,0.2],"y":[1,1,1]},"o":{"x":[0.167,0.167,0.167],"y":[0.25,0.25,25]},"n":["0p2_1_0p167_0p25","0p2_1_0p167_0p25","0p2_1_0p167_25"],"t":30,"s":[0,0,100],"e":[100,100,100]},{"t":60}],"ix":6}},"ao":0,"shapes":[{"ty":"gr","it":[{"d":1,"ty":"el","s":{"a":0,"k":[96,96],"ix":2},"p":{"a":0,"k":[0,0],"ix":3},"nm":"椭圆路径 1","mn":"ADBE Vector Shape - Ellipse","hd":false},{"ty":"st","c":{"a":0,"k":[1,0.311825980392,0.5196070054,1],"ix":3},"o":{"a":0,"k":100,"ix":4},"w":{"a":0,"k":0,"ix":5},"lc":1,"lj":1,"ml":4,"nm":"描边 1","mn":"ADBE Vector Graphic - Stroke","hd":false},{"ty":"fl","c":{"a":0,"k":[0.320266544118,0.743067243987,1,1],"ix":4},"o":{"a":0,"k":100,"ix":5},"r":1,"nm":"填充 1","mn":"ADBE Vector Graphic - Fill","hd":false},{"ty":"tr","p":{"a":0,"k":[0,0],"ix":2},"a":{"a":0,"k":[0,0],"ix":1},"s":{"a":0,"k":[100,100],"ix":3},"r":{"a":0,"k":0,"ix":6},"o":{"a":0,"k":100,"ix":7},"sk":{"a":0,"k":0,"ix":4},"sa":{"a":0,"k":0,"ix":5},"nm":"变换"}],"nm":"椭圆 1","np":3,"cix":2,"ix":1,"mn":"ADBE Vector Group","hd":false}],"ip":30,"op":70,"st":30,"bm":0},{"ddd":0,"ind":3,"ty":4,"nm":"形状图层 3","sr":1,"ks":{"o":{"a":0,"k":100,"ix":11},"r":{"a":0,"k":0,"ix":10},"p":{"a":0,"k":[102,102,0],"ix":2},"a":{"a":0,"k":[48,48,0],"ix":1},"s":{"a":1,"k":[{"i":{"x":[0.2,0.2,0.2],"y":[1,1,1]},"o":{"x":[0.167,0.167,0.167],"y":[0.25,0.25,25]},"n":["0p2_1_0p167_0p25","0p2_1_0p167_0p25","0p2_1_0p167_25"],"t":20,"s":[0,0,100],"e":[100,100,100]},{"t":50}],"ix":6}},"ao":0,"shapes":[{"ty":"gr","it":[{"d":1,"ty":"el","s":{"a":0,"k":[96,96],"ix":2},"p":{"a":0,"k":[0,0],"ix":3},"nm":"椭圆路径 1","mn":"ADBE Vector Shape - Ellipse","hd":false},{"ty":"st","c":{"a":0,"k":[1,0.311825980392,0.5196070054,1],"ix":3},"o":{"a":0,"k":100,"ix":4},"w":{"a":0,"k":0,"ix":5},"lc":1,"lj":1,"ml":4,"nm":"描边 1","mn":"ADBE Vector Graphic - Stroke","hd":false},{"ty":"fl","c":{"a":0,"k":[0.41081495098,0.425436221852,1,1],"ix":4},"o":{"a":0,"k":100,"ix":5},"r":1,"nm":"填充 1","mn":"ADBE Vector Graphic - Fill","hd":false},{"ty":"tr","p":{"a":0,"k":[0,0],"ix":2},"a":{"a":0,"k":[0,0],"ix":1},"s":{"a":0,"k":[100,100],"ix":3},"r":{"a":0,"k":0,"ix":6},"o":{"a":0,"k":100,"ix":7},"sk":{"a":0,"k":0,"ix":4},"sa":{"a":0,"k":0,"ix":5},"nm":"变换"}],"nm":"椭圆 1","np":3,"cix":2,"ix":1,"mn":"ADBE Vector Group","hd":false}],"ip":20,"op":60,"st":20,"bm":0},{"ddd":0,"ind":4,"ty":4,"nm":"形状图层 4","sr":1,"ks":{"o":{"a":0,"k":100,"ix":11},"r":{"a":0,"k":0,"ix":10},"p":{"a":0,"k":[102,102,0],"ix":2},"a":{"a":0,"k":[48,48,0],"ix":1},"s":{"a":1,"k":[{"i":{"x":[0.2,0.2,0.2],"y":[1,1,1]},"o":{"x":[0.167,0.167,0.167],"y":[0.25,0.25,25]},"n":["0p2_1_0p167_0p25","0p2_1_0p167_0p25","0p2_1_0p167_25"],"t":10,"s":[0,0,100],"e":[100,100,100]},{"t":40}],"ix":6}},"ao":0,"shapes":[{"ty":"gr","it":[{"d":1,"ty":"el","s":{"a":0,"k":[96,96],"ix":2},"p":{"a":0,"k":[0,0],"ix":3},"nm":"椭圆路径 1","mn":"ADBE Vector Shape - Ellipse","hd":false},{"ty":"st","c":{"a":0,"k":[1,0.311825980392,0.5196070054,1],"ix":3},"o":{"a":0,"k":100,"ix":4},"w":{"a":0,"k":0,"ix":5},"lc":1,"lj":1,"ml":4,"nm":"描边 1","mn":"ADBE Vector Graphic - Stroke","hd":false},{"ty":"fl","c":{"a":0,"k":[1,0.398391544118,0.514724671607,1],"ix":4},"o":{"a":0,"k":100,"ix":5},"r":1,"nm":"填充 1","mn":"ADBE Vector Graphic - Fill","hd":false},{"ty":"tr","p":{"a":0,"k":[0,0],"ix":2},"a":{"a":0,"k":[0,0],"ix":1},"s":{"a":0,"k":[100,100],"ix":3},"r":{"a":0,"k":0,"ix":6},"o":{"a":0,"k":100,"ix":7},"sk":{"a":0,"k":0,"ix":4},"sa":{"a":0,"k":0,"ix":5},"nm":"变换"}],"nm":"椭圆 1","np":3,"cix":2,"ix":1,"mn":"ADBE Vector Group","hd":false}],"ip":10,"op":50,"st":10,"bm":0},{"ddd":0,"ind":5,"ty":4,"nm":"形状图层 5","sr":1,"ks":{"o":{"a":0,"k":100,"ix":11},"r":{"a":0,"k":0,"ix":10},"p":{"a":0,"k":[102,102,0],"ix":2},"a":{"a":0,"k":[48,48,0],"ix":1},"s":{"a":1,"k":[{"i":{"x":[0.2,0.2,0.2],"y":[1,1,1]},"o":{"x":[0.167,0.167,0.167],"y":[0.25,0.25,25]},"n":["0p2_1_0p167_0p25","0p2_1_0p167_0p25","0p2_1_0p167_25"],"t":0,"s":[0,0,100],"e":[100,100,100]},{"t":30}],"ix":6}},"ao":0,"shapes":[{"ty":"gr","it":[{"d":1,"ty":"el","s":{"a":0,"k":[96,96],"ix":2},"p":{"a":0,"k":[0,0],"ix":3},"nm":"椭圆路径 1","mn":"ADBE Vector Shape - Ellipse","hd":false},{"ty":"st","c":{"a":0,"k":[1,0.311825980392,0.5196070054,1],"ix":3},"o":{"a":0,"k":100,"ix":4},"w":{"a":0,"k":0,"ix":5},"lc":1,"lj":1,"ml":4,"nm":"描边 1","mn":"ADBE Vector Graphic - Stroke","hd":false},{"ty":"fl","c":{"a":0,"k":[1,0.862571028167,0.165609651453,1],"ix":4},"o":{"a":0,"k":100,"ix":5},"r":1,"nm":"填充 1","mn":"ADBE Vector Graphic - Fill","hd":false},{"ty":"tr","p":{"a":0,"k":[0,0],"ix":2},"a":{"a":0,"k":[0,0],"ix":1},"s":{"a":0,"k":[100,100],"ix":3},"r":{"a":0,"k":0,"ix":6},"o":{"a":0,"k":100,"ix":7},"sk":{"a":0,"k":0,"ix":4},"sa":{"a":0,"k":0,"ix":5},"nm":"变换"}],"nm":"椭圆 1","np":3,"cix":2,"ix":1,"mn":"ADBE Vector Group","hd":false}],"ip":0,"op":41,"st":0,"bm":0}]}],"layers":[{"ddd":0,"ind":1,"ty":0,"nm":"icon 3x","refId":"comp_0","sr":1,"ks":{"o":{"a":0,"k":100,"ix":11},"r":{"a":0,"k":0,"ix":10},"p":{"a":0,"k":[25,25,0],"ix":2},"a":{"a":0,"k":[75,75,0],"ix":1},"s":{"a":0,"k":[33.333,33.333,100],"ix":6}},"ao":0,"w":150,"h":150,"ip":0,"op":300,"st":0,"bm":0}],"markers":[]}