{"v":"5.1.3","fr":60,"ip":0,"op":60,"w":24,"h":24,"nm":"JS输出0717","ddd":0,"assets":[{"id":"comp_0","layers":[{"ddd":0,"ind":1,"ty":4,"nm":"形状图层 1","sr":1,"ks":{"o":{"a":0,"k":100,"ix":11},"r":{"a":0,"k":0,"ix":10},"p":{"a":0,"k":[12,16.992,0],"ix":2},"a":{"a":0,"k":[0,5.5,0],"ix":1},"s":{"a":1,"k":[{"i":{"x":[0.58,0.58,0.58],"y":[1,1,1]},"o":{"x":[0.42,0.42,0.42],"y":[0,0,0]},"n":["0p58_1_0p42_0","0p58_1_0p42_0","0p58_1_0p42_0"],"t":0,"s":[100,100,100],"e":[100,40,100]},{"i":{"x":[0.58,0.58,0.58],"y":[1,1,1]},"o":{"x":[0.42,0.42,0.42],"y":[0,0,0]},"n":["0p58_1_0p42_0","0p58_1_0p42_0","0p58_1_0p42_0"],"t":30,"s":[100,40,100],"e":[100,100,100]},{"i":{"x":[0.58,0.58,0.58],"y":[1,1,1]},"o":{"x":[0.42,0.42,0.42],"y":[0,0,0]},"n":["0p58_1_0p42_0","0p58_1_0p42_0","0p58_1_0p42_0"],"t":60,"s":[100,100,100],"e":[100,40,100]},{"i":{"x":[0.58,0.58,0.58],"y":[1,1,1]},"o":{"x":[0.42,0.42,0.42],"y":[0,0,0]},"n":["0p58_1_0p42_0","0p58_1_0p42_0","0p58_1_0p42_0"],"t":90,"s":[100,40,100],"e":[100,100,100]},{"i":{"x":[0.58,0.58,0.58],"y":[1,1,1]},"o":{"x":[0.42,0.42,0.42],"y":[0,0,0]},"n":["0p58_1_0p42_0","0p58_1_0p42_0","0p58_1_0p42_0"],"t":120,"s":[100,100,100],"e":[100,40,100]},{"i":{"x":[0.58,0.58,0.58],"y":[1,1,1]},"o":{"x":[0.42,0.42,0.42],"y":[0,0,0]},"n":["0p58_1_0p42_0","0p58_1_0p42_0","0p58_1_0p42_0"],"t":150,"s":[100,40,100],"e":[100,100,100]},{"i":{"x":[0.58,0.58,0.58],"y":[1,1,1]},"o":{"x":[0.42,0.42,0.42],"y":[0,0,0]},"n":["0p58_1_0p42_0","0p58_1_0p42_0","0p58_1_0p42_0"],"t":180,"s":[100,100,100],"e":[100,40,100]},{"i":{"x":[0.58,0.58,0.58],"y":[1,1,1]},"o":{"x":[0.42,0.42,0.42],"y":[0,0,0]},"n":["0p58_1_0p42_0","0p58_1_0p42_0","0p58_1_0p42_0"],"t":210,"s":[100,40,100],"e":[100,100,100]},{"t":240}],"ix":6}},"ao":0,"shapes":[{"ty":"rc","d":1,"s":{"a":0,"k":[2,11],"ix":2},"p":{"a":0,"k":[0,0],"ix":3},"r":{"a":0,"k":0,"ix":4},"nm":"矩形路径 1","mn":"ADBE Vector Shape - Rect","hd":false},{"ty":"fl","c":{"a":0,"k":[0.972549019608,0.349019607843,0.349019607843,1],"ix":4},"o":{"a":0,"k":100,"ix":5},"r":1,"nm":"填充 1","mn":"ADBE Vector Graphic - Fill","hd":false}],"ip":0,"op":300,"st":0,"bm":0}]}],"layers":[{"ddd":0,"ind":1,"ty":0,"nm":"JS单个","refId":"comp_0","sr":1,"ks":{"o":{"a":0,"k":100,"ix":11},"r":{"a":0,"k":0,"ix":10},"p":{"a":0,"k":[8,12,0],"ix":2},"a":{"a":0,"k":[12,12,0],"ix":1},"s":{"a":0,"k":[100,100,100],"ix":6}},"ao":0,"w":24,"h":24,"ip":-35,"op":265,"st":-35,"bm":0},{"ddd":0,"ind":2,"ty":0,"nm":"JS单个","refId":"comp_0","sr":1,"ks":{"o":{"a":0,"k":100,"ix":11},"r":{"a":0,"k":0,"ix":10},"p":{"a":0,"k":[16,12,0],"ix":2},"a":{"a":0,"k":[12,12,0],"ix":1},"s":{"a":0,"k":[100,100,100],"ix":6}},"ao":0,"w":24,"h":24,"ip":-20,"op":280,"st":-20,"bm":0},{"ddd":0,"ind":3,"ty":0,"nm":"JS单个","refId":"comp_0","sr":1,"ks":{"o":{"a":0,"k":100,"ix":11},"r":{"a":0,"k":0,"ix":10},"p":{"a":0,"k":[12,12,0],"ix":2},"a":{"a":0,"k":[12,12,0],"ix":1},"s":{"a":0,"k":[100,100,100],"ix":6}},"ao":0,"w":24,"h":24,"ip":0,"op":300,"st":0,"bm":0}],"markers":[]}