{"v":"4.7.0","fr":60,"ip":0,"op":48,"w":96,"h":96,"nm":"refresh","ddd":0,"assets":[{"id":"image_1","w":96,"h":96,"u":"images/","p":"img_1.png"}],"layers":[{"ddd":0,"ind":1,"ty":2,"nm":"refresh_night.png","cl":"png","refId":"image_1","ks":{"o":{"a":0,"k":100},"r":{"a":1,"k":[{"i":{"x":[0.833],"y":[0.833]},"o":{"x":[0.167],"y":[0.167]},"n":["0p833_0p833_0p167_0p167"],"t":0,"s":[0],"e":[360]},{"t":48}]},"p":{"a":0,"k":[48,48,0]},"a":{"a":0,"k":[48,48,0]},"s":{"a":0,"k":[100,100,100]}},"ao":0,"ip":0,"op":300,"st":0,"bm":0,"sr":1}]}